comment_id,ablation_sentiment_run3
UgygwxhZLECC2rAKQ_94AaABAg,positive
UgwP-y8h4TGstZhdkTJ4AaABAg.ATh4FNrcDCPATpL-Fg4Rws,negative
UgycIEOMV1LGS5k3CG94AaABAg,positive
Ugz0BVunw0tVAOf6QGp4AaABAg,negative
Ugx_v9kvZEzkkKulIR94AaABAg,negative
UgyhQIDKnRDi7m3msnp4AaABAg,positive
UgywqHfhxnllgYnnag54AaABAg,negative
UgyqLBU1iKSVZlW1Qhl4AaABAg,neutral
UgwQhcq35FrLlwJEVgZ4AaABAg.ATh3ll7IBY4AThmblmw37f,positive
UgxiY4G6xZ1RGt8c0mN4AaABAg,negative
Ugw0FJ9Au2NxKX_GnmJ4AaABAg.ATh371-W1i3AToa-b81dvk,neutral
UgzBrSbF33eQsFTlaF14AaABAg,neutral
Ugwrtj6FCiO_50wAqQB4AaABAg,neutral
UgxxipfPzSsL7ml7rXJ4AaABAg,negative
Ugya02k6Rc4peOXPq3V4AaABAg,negative
UgyxcLeiCz4dEjQ-4YR4AaABAg,neutral
UgxDXVxd4tj-oxbnUCB4AaABAg,negative
UgzBz9gxt0Cl__P_yvB4AaABAg,neutral
UgzQGaS88p1SuphBR_V4AaABAg,negative
UgwQhcq35FrLlwJEVgZ4AaABAg.ATh3ll7IBY4ATh8vv50_ZN,positive
UgzelkHVEitSTpO4J7B4AaABAg,neutral
Ugw0FJ9Au2NxKX_GnmJ4AaABAg.ATh371-W1i3ATjQFjXXR3X,negative
UgwQhcq35FrLlwJEVgZ4AaABAg.ATh3ll7IBY4AThbtHgOzx3,neutral
UgzWqaxrG1XxR9Rq-wV4AaABAg,positive
UgxIy_3f7hY30M2E3bx4AaABAg.ATeipA16zkMATfDpa7OBgK,positive
UgyCw7Jx21nJ8xaaV0h4AaABAg,negative
UgxPZOue6hay9Rxa-1x4AaABAg.ATucHvWT6KxATw90Q-T00V,negative
Ugx1TdCOrREGKrnXuNV4AaABAg.AU8Qb1YuCWKAU8QxhOxDN_,positive
UgzQGaS88p1SuphBR_V4AaABAg.ATepxtXPHLsAToBadUyyCb,negative
UgxVk6d6SYQg_toeJnx4AaABAg,negative
UgxRX7VaKSo-iajm7kZ4AaABAg,neutral
Ugys_VOzZKnaA-rWm1R4AaABAg,neutral
Ugz8MQh1F4bDehsxmJ94AaABAg,negative
UgwPk0Kfvzx5IWdbF-d4AaABAg,negative
Ugxg3CaTkHqLpUUEFAN4AaABAg,negative
UgyPXA7-qhvLHRmyiCZ4AaABAg,negative
UgzQGaS88p1SuphBR_V4AaABAg.ATepxtXPHLsATnHrZOT9Ky,neutral
UgzQGaS88p1SuphBR_V4AaABAg.ATepxtXPHLsATnX7pl3iuz,positive
UgzQGaS88p1SuphBR_V4AaABAg.ATepxtXPHLsATh2nhhO-hn,negative
Ugyvwvji_X9mF9T-GyJ4AaABAg.AU3CJOxYIRgAU69oAfVn0Y,positive
UgzYmat81aw0vHI8zGx4AaABAg,positive
UgwpQPYAuf8ZLIU0HeR4AaABAg,neutral
UgwQhcq35FrLlwJEVgZ4AaABAg.ATh3ll7IBY4ATq3XcIimdE,neutral
UgzcL-ii1at1zrmE_OZ4AaABAg,positive
UgwMgVK38BF47QithDN4AaABAg,positive
Ugyxq0gvqkggOgbnJ0B4AaABAg.ATeqy0BWNUNATfV8A6Edyh,negative
Ugw-opTQJo6bs3KwoNd4AaABAg,positive
Ugyvkprgj8Qzn2n3GBR4AaABAg.ATp18se41GJATrIKHnsPq5,neutral
Ugy98z7Fp4H3KmNLRl14AaABAg.AU8KcyGMlybAU9d8RqS0L4,neutral
Ugy98z7Fp4H3KmNLRl14AaABAg.AU8KcyGMlybAUA9jRUPysA,neutral
Ugw_RhCVi8YEN1-5u9p4AaABAg,negative
UgxYat6pLRVvcuUj5KR4AaABAg,positive
Ugxw847Da3UP7MFPDEB4AaABAg.ATmDJjqi1djATmWZpD-2Hk,neutral
UgyHai3bgzUfa4BbMFt4AaABAg,positive
Ugzg-sndpo5_5ahGBVx4AaABAg.AUBWmv_56hZAUC9QxIhiJu,positive
Ugwx-cvuSrasUtZzX094AaABAg,negative
Ugw0ZT9hnOF8j5dXCM54AaABAg,negative
UgzO5fFdeBmAQIUVTFt4AaABAg,positive
Ugx9spTf0bmsXPpzm1t4AaABAg,negative
Ugy8U7OnB4YDbpanJ6p4AaABAg,neutral
UgxtnlW3rUAPGb4h0DR4AaABAg,neutral
UgzpsxE4C4n3bzAgnm14AaABAg,positive
UgwbCEHEhOC7sH3dwEl4AaABAg.AUEAv6OOSYdAUFz1bNsrZC,neutral
UgwsiNouAaCg1R9M8P54AaABAg,neutral
Ugz5M-ki65Py8Zbv4ml4AaABAg.ATrkOKEzwd7ATuFgK2eVbN,negative
Ugz1d57vZBSM-iiyvjB4AaABAg,negative
Ugzg-sndpo5_5ahGBVx4AaABAg.AUBWmv_56hZAUDCBbdg9zU,neutral
UgwOYIZ1TVHkMhJC5Il4AaABAg,neutral
UgwYbuNgYpLaSTkzwTV4AaABAg,neutral
UgxeED8nYvPagco4FA54AaABAg.ATjvXyCmZwnATuGO84vzLr,neutral
UgwfWi5zff_3DiDZvyp4AaABAg,positive
Ugyse0K4YLas4cM_pwh4AaABAg.ATywnvCCrEpATz6spki5d8,positive
UgxmJ2vk48K1ScqrOUh4AaABAg,neutral
Ugxovy1rkZPmeMcjYJZ4AaABAg.ATjBoAoMCELATkJrnLe7GB,neutral
UgwgEhLKhi9Geqoea3l4AaABAg,negative
UgwI3CclK_gnhueHOp14AaABAg.AUCt26VIhulAUDMFhKQELS,neutral
UgwCz7aXEsFbENlfpjd4AaABAg,negative
UgxhqBGzAibbvUUuu5F4AaABAg.ATjBvx7RjQtATjl5-56lOD,positive
UgyWlECi4p28nAPcNvJ4AaABAg,positive
UgzNrOO2KJ4dF43pl6V4AaABAg,negative
Ugylf0WncFMEGTs2ndR4AaABAg.AUBZizgsM_7AUE7rp1eqP0,negative
Ugzl7VnAo5-ONia2auF4AaABAg,positive
Ugy18iBnYoKY1Shianh4AaABAg,neutral
Ugzz9bgyPM_KNIIts9F4AaABAg,positive
UgxiWGdcnF4qmTLAVKV4AaABAg.AU16I1jnFd_AU1BE9TGRAd,neutral
UgzR92pJH78MeSIgl9N4AaABAg.AUBOROlWyzZAUBQgg4JFNj,negative
Ugzg-sndpo5_5ahGBVx4AaABAg.AUBWmv_56hZAUBYkLfJUkz,neutral
UgziMY0dpFYEAC-yQv54AaABAg,negative
UgxaetybFlER4yI-GAh4AaABAg,negative
UgwD8mvyY4om2_F-uWp4AaABAg.AUCuFAgvPH9AUDa3m0z5oL,neutral
UgzqXYMVZUjd7uZ86714AaABAg,positive
Ugx-HkdSSZI3Ro-HTPV4AaABAg,neutral
Ugx7tVqCqR4-C9pPn_h4AaABAg,positive
UgxhQbuRwAuF4agLke14AaABAg.ATjPBXH5kGxATjRjmXxPW3,neutral
UgylkfgbRBNozI7RJ494AaABAg.ATjCZq-bh4jATjhXEaZRYi,negative
UgwHOcslevB7z-MAvUp4AaABAg,negative
Ugzut---wV50UzXz4pt4AaABAg,positive
Ugx8ZU-_K9znJoCl9094AaABAg.AUBadebolPYAUGej059Fat,negative
Ugz3Zad4PIfpF1eqXFd4AaABAg,positive
Ugx2J4094Ni7EX63DRR4AaABAg,negative
Ugy1UNKRVvK0hoxbnvJ4AaABAg,positive
Ugz0vVBtYyIM2HC_CDF4AaABAg,negative
UgyLikukHdMsGVnGHV14AaABAg.ATtqbx31nvWATwJe3IDFqI,negative
UgxjZLFxvIiqJgAKexR4AaABAg,neutral
UgxWlzYucMThoC1JGQ14AaABAg.ATMkNGMfB3IATMkzWSlurV,negative
Ugz_IcB4l4lvaj0lrvB4AaABAg,negative
UgwxLIToZIqUnRUAuwh4AaABAg,neutral
UgwhxPOzjvZcLBiVYH14AaABAg,neutral
UgyWX-1g4_WDjn79kgl4AaABAg,neutral
Ugw-WlSYB-DwIONPZ2Z4AaABAg,neutral
UgwRUGnHiCDA3xMwTTt4AaABAg,neutral
UgwhxPOzjvZcLBiVYH14AaABAg.ASTzmPacwbhASU3Myv9Ys-,positive
UgzHG5fU3rbudtHrREB4AaABAg,neutral
UgyGvvFmcCm2pFMlMXh4AaABAg,negative
Ugzpb_eOEYfDeclVosd4AaABAg,neutral
UgzdzbMGiQEUOurnLiR4AaABAg.AMiYkVG7pcPAMj8Hv_I_Zo,negative
UgwiWMFtQAjlWBBjxTh4AaABAg,neutral
Ugw2hFBpwZDuiwwG7hh4AaABAg,positive
Ugyf41GUFTQxlS9js_F4AaABAg.AMTCdEM6K4JAMTN_COHM3e,neutral
UgyW2MwmBk2k8q7xvTR4AaABAg,negative
Ugwfsn4BraZKjUTlQWp4AaABAg.ASU7nKwdoj1ASpzEMFhVl7,positive
UgwYADPK7mumi4PXpyp4AaABAg.ASUWmJ_Hq7XASUYOYMtd2Z,negative
UgwITnBYaUxJTe77slp4AaABAg.AP6ICd_Qn1fAP6OIDenjmk,neutral
UgwyN-auIWSIE6PsKfh4AaABAg,negative
UgzX3_CeeJ1Dq7N3BE94AaABAg,neutral
Ugy6sZ1Y8rtNM0nl1KN4AaABAg,negative
UgyJosI5ArPPWtcsRTZ4AaABAg,positive
UgyuOPwremxMRBFDDdl4AaABAg,negative
Ugw0Z4RajpL5b2J1Gw94AaABAg,negative
UgwMkTDoN8u1C78P0ZV4AaABAg,neutral
UgxS1iBzgD6SpEXGeoB4AaABAg,positive
UgyeQlgvXsyG4xdtjGl4AaABAg,neutral
UgwU8Jc1tu47_l77JY54AaABAg.AMosYz7HfU1AMpAibHmf46,neutral
UgwcOiS4jiL1wte0hRF4AaABAg,neutral
UgzLurl12xY1Ccaoobl4AaABAg,positive
UgwwC5grsSPtVd1EfcF4AaABAg,positive
UgwkUNmzaJ2ntfRaDOh4AaABAg,negative
UgwITnBYaUxJTe77slp4AaABAg.AP6ICd_Qn1fARvpDioe-9R,negative
UgwhTxFYJHN3iz3mJ0N4AaABAg,negative
UgzEpBgwBab9nbBX0NZ4AaABAg,negative
UgxudymBOqpYpu8SB2R4AaABAg,positive
UgzESfm0Pa5W2-AhU9N4AaABAg,neutral
UgxlIi2VuREf0sUo3Fp4AaABAg,negative
UgywNdYcEVJOody9zcZ4AaABAg.AMiigoPMyAWAQvlFV-4i0c,neutral
UgxElVdoDNbIn2QFbVd4AaABAg,neutral
UgwjlI0f0vxkpTaU16R4AaABAg.AMh5lxCRvokAOf3Bms1EVh,neutral
UgyY20fcoY1lKQCJGxl4AaABAg.ANf0ZOXrMCTANfU-azQ-8i,neutral
Ugy2v21dB3WN-McYDgh4AaABAg,neutral
UgxOjJJ-PTaT7puYoj94AaABAg,negative
UgybG7DL9gesbu4uqWl4AaABAg.AP0Pg0lA3BpAP0ZfQMbVn0,neutral
UgwN50TqCaR9M7gedVB4AaABAg.APy5-c58xAhAQB7pqFEkBI,negative
UgwcRQFyz7fRKpNKzg14AaABAg,positive
UgwyASa-zhNofHGMXqB4AaABAg,positive
UgzZm6PnigA2bT4XEy94AaABAg.APxSD5Sk-pTAQCFxq-vsJc,neutral
UgxcBK3QDOxOPJ7dL7l4AaABAg,positive
Ugz2z0KtnvMbstOxxwJ4AaABAg,positive
UgxBgHPcpwI4LL_cSXZ4AaABAg,negative
UgzZm6PnigA2bT4XEy94AaABAg,positive
Ugxatew3-MAWF_EtgYZ4AaABAg,neutral
Ugz2Kp80B4muIum80Hh4AaABAg,neutral
UgwYtPKw_pMfjx_5-2N4AaABAg,positive
UgziWVUgEdzynNiVaeR4AaABAg,positive
UgwFC8kxyXrVHH85hT14AaABAg,negative
Ugy9qZ8ssLMl1aBSKSp4AaABAg,negative
Ugx6YF2WuL88YCwu7kF4AaABAg.AQ-DLBQHCPBAQ0x195rdgP,positive
Ugx0I99G-flMynIiddF4AaABAg,negative
Ugx9ywrUpUkNqohoGSZ4AaABAg,neutral
UgwSumbxWSS18U-WKkh4AaABAg,negative
UgwHdaYsOsiF3jFO77d4AaABAg.APx0FdstBNhAPxXEaf_w-q,positive
Ugw1cU0WgB6D_DZcWC54AaABAg,neutral
Ugxfd2H2MQekVcpomdp4AaABAg.AMPkNr02MRQAMQ1Bz5q69Z,neutral
Ugzq46A9zxJQcXyjGCh4AaABAg,negative
Ugw73p_SlumDqC9fIRx4AaABAg,neutral
Ugz-OrJwdRnFTEAgJw14AaABAg,positive
UgzfwL5Q1zMFZHlZ5z94AaABAg,negative
UgzWrH6hGdwBHcL823t4AaABAg,positive
UgwN50TqCaR9M7gedVB4AaABAg.APy5-c58xAhARssR3omaB0,negative
UgzAmLP_i1oW-IMKUZB4AaABAg.AUBTjc37UbeAUDodRZ_H8M,positive
UgzMCqR2-NUY-R-DYBx4AaABAg.APxZ1GEByQBAQ0xGsvvHBl,neutral
UgzWrH6hGdwBHcL823t4AaABAg.APx5rO7uNjuAQM_5TAm65Z,negative
UgynxUz7mZW3wZXKs1J4AaABAg,negative
UgysV7GEH4tsWYS5Uq54AaABAg,neutral
Ugzd2jZwgmj1ZBrtG8l4AaABAg.APx55UGw8rRAPxL3GQl4l2,negative
UgyzaBJNnofI3KRP-pl4AaABAg,negative
UgwKibUKb0onfWM8Cfd4AaABAg.APxjOewnKsgAQ9LEmAT2ax,negative
Ugx1hIhxOu8wPLvyRgV4AaABAg,neutral
UgyZLDbLdQ2XqsqSDeF4AaABAg.AMz-kndC1N5AMzAUfG-DG_,positive
UgwfGapBDBJfoitZGIt4AaABAg,negative
UgzHBW2rn3wfszfB93Z4AaABAg,neutral
Ugx9MGhuWS3SMVBayLV4AaABAg,neutral
Ugzocv4SJNoWzQuA2mZ4AaABAg,positive
UgwI4_L2jUYfBSC-mzx4AaABAg.APxFLq1WRXQAPz4OmKtbfF,positive
UgzzBqsdFK6nQTQuwOB4AaABAg,positive
UgzruaeCIJYwO8fQ71h4AaABAg,positive
Ugw0KDuserq4WX1mF054AaABAg,positive
UgyqpKls9JOISqH2jKJ4AaABAg,neutral
UgzB0yz60UPO0ikXb8x4AaABAg,neutral
UgyEICTAMlSGKAS9Lx14AaABAg,positive
Ugyw--_gKskc30BtOF14AaABAg,positive
Ugypricdj2c9A1fRy8F4AaABAg,negative
Ugx2lMeg5VaE9RZzvDV4AaABAg,positive
Ugw8mA7s2piChJJbXy94AaABAg,positive
UgxVYdvwVJTk2F9g6NF4AaABAg,positive
UgxOJb5ZZvmVrsneZYp4AaABAg.AFoXiDt2nh4AFojMtQCZV-,neutral
UgyWyocWnIJeACckAUJ4AaABAg,positive
UgzVlAQxGTFSk_9UDkl4AaABAg.AFpvSM_MDctAIlrme33e1s,neutral
UgwNx0zfsCXGhTqemPB4AaABAg,neutral
UgzcX6B1lJDnEx6E17N4AaABAg,neutral
UgxOfsnc7AFa0_bLw3V4AaABAg,neutral
UgywZQ170ide0eHI8oR4AaABAg,neutral
Ugx-voCU6At8XV_Z8i14AaABAg,neutral
Ugyl19G3coY8cI06uvN4AaABAg,neutral
UgwaH4QpB6eqOH4jzX14AaABAg,neutral
Ugx1Z7-UXpVm_PPiQ_R4AaABAg.ALvP8qYNE_rAMVDiYMt0Tr,positive
Ugwf5kM-k-PSOrQ-0GJ4AaABAg,negative
Ugzw3oV13GgrdeKbo3F4AaABAg,neutral
Ugw0U1dTYuBc7lAB7Pl4AaABAg,positive
UgxEgbv-Yg8VO7g9zt54AaABAg,neutral
UgyhX4nV9OrYST_0zV14AaABAg,negative
UgxJnTSR8uAwoMp3yJN4AaABAg.AB8vFtz9fcAAB9HSMo9Gys,negative
UgyxxH8V5aOPyANmdiN4AaABAg,neutral
UgweSHoT_eSa4yEkXEl4AaABAg,neutral
Ugyo0VYxGYxwxVaDc_B4AaABAg,neutral
UgzqjRPaH6HlWAZ0LB54AaABAg,neutral
UgzrDefpAEYruzlAkIh4AaABAg,positive
UgyWyocWnIJeACckAUJ4AaABAg.ANPCj96IIrKANS9P1YUK1A,neutral
UgyqpKls9JOISqH2jKJ4AaABAg.APGsC7exmFCAPHLRzSvDrj,neutral
Ugx2TiwhdluBZD7FPt54AaABAg.AFoukU9qxxTAFqJRrvMvSO,neutral
UgyRi9qF60KCntGDw6p4AaABAg,neutral
Ugz6YBLI3uhN28Cf_Ip4AaABAg,negative
Ugzh2kHvkyMZ7mgwGkR4AaABAg.AFI0PETfwqfAFIiGbyTG2O,positive
Ugwcm__WpD2YgowA_RN4AaABAg.AFohX-Z_77UAGBh_G2nL0F,neutral
UgxZqOJd18MnAz_sOUp4AaABAg,neutral
UgzLTxY1TVvn5h7r76R4AaABAg,neutral
UgwNex2jyYp8yMvOYWF4AaABAg.AFI3yOV8K93AFIvPd-Z4DY,positive
UgzyBXvAE5ksDp2KSmV4AaABAg.APPpVWsHhFWAPQpAEcfrRk,negative
Ugw0-UaDLl_QN_CuUr54AaABAg.AFpv02_6pY9AI4w7eJDa3Q,negative
Ugzm3mhb54igKY5YuVZ4AaABAg.AFtSFag-gobAFu1dJ9ReWZ,negative
UgySA5_sVlbylOfly5l4AaABAg,neutral
Ugz9o1I8xmPGgRy5Ezx4AaABAg,neutral
Ugw4EWn0pot2Jow_jj54AaABAg.AFogdvzdlLmAFr1QdBQJdR,neutral
Ugxmu-o2nWag2Res5lZ4AaABAg,negative
Ugx2TiwhdluBZD7FPt54AaABAg,positive
UgySfnSkeVy3_bBSmu94AaABAg,negative
UgycS5WfD5GzXLs06rt4AaABAg,positive
UgwNex2jyYp8yMvOYWF4AaABAg,neutral
Ugx2TiwhdluBZD7FPt54AaABAg.AFoukU9qxxTAG5bbQn6RnK,negative
UgwT9IYSmGRRG16a9od4AaABAg,neutral
Ugz-x9D4BC8-imDWtb14AaABAg,positive
Ugy5Bmmn9MSR0fAdFfF4AaABAg.AFj0K9R_TJ4AFjx5bElnEE,neutral
UgzOCKhOq-FhneZgYfx4AaABAg,neutral
Ugyf3ZcgAyQkspBPNGl4AaABAg,neutral
UgwtPGYn9NKAld7k-4h4AaABAg,negative
UgxbAINXMgOTE_5KbAV4AaABAg.AKCickW4acaAKCzPhjC40_,neutral
UgyXlFeQ9Ea_ZVBOz8h4AaABAg,neutral
Ugxfq6EqkG380Twtf4p4AaABAg,neutral
UgzCgzdG8IpOPc14MX94AaABAg.AFAP-pjGXWkAFBMAz0T9aB,positive
UgzXSVSndf723FNTQmZ4AaABAg,neutral
UgxcsYHXl0IasPzKkhx4AaABAg.AG8dVO3RaX5AKwVBYmMA1f,positive
UgyofydZ9Y21QLJ3Ks94AaABAg,positive
Ugx6y8MrwPQ9UIjKhgl4AaABAg,negative
Ugwu4iLTB4Vsvfn4oRJ4AaABAg,positive
Ugzx9hROev8Hj-XTept4AaABAg.AFAQbCR6KGYAFAZx52VUjl,neutral
UgwPhTINV8YyJlPBIqh4AaABAg.AFAW-wHVgMeAFCVEpNPfho,negative
UgyxASG5VVYC7XwOXBJ4AaABAg.AFjS5VhJzcTAFjxtr5u5Wc,neutral
UgwKRgedcMVXVsmEu1N4AaABAg,neutral
Ugxxhui3kPhiqCW-pQl4AaABAg.AGygvTBzsTiAH4AaFLENIA,neutral
UgyBYz_lT9n_zHN5u9t4AaABAg.AG4F_ItxGKcAJVsOEK5Vpx,neutral
UgyIDHji9H9EfrcoSPZ4AaABAg.AFtouxuXk44AHHZYTyr3Nl,negative
UgzlCO0NEj8d2HrlrCV4AaABAg,neutral
Ugy5Bmmn9MSR0fAdFfF4AaABAg,neutral
Ugy8VJLPExmbaGMZpsV4AaABAg,neutral
UgyIl1Vt9LBdN9aJ3V54AaABAg,neutral
Ugw8q3Sv3Xdp5ZD1IzZ4AaABAg,positive
UgyofydZ9Y21QLJ3Ks94AaABAg.AFjGrFqmeEkAFjgLMu0ykI,neutral
UgzCMChQ8ENJF7lopyt4AaABAg,neutral
Ugw7JRSQ_ke1CoHN04p4AaABAg,neutral
UgwAXqFcp3VDXH3o-rp4AaABAg,neutral
UgzSM9Cwc5LSion6Ba14AaABAg,positive
Ugx8zFlChLuioo-Pb8x4AaABAg,positive
UgweT-mgv6wFkfOGagB4AaABAg,negative
UgyHbhLlFGSt-oUzpqh4AaABAg,positive
UgxugNT01ndmsl9dxXd4AaABAg,negative
Ugzx9hROev8Hj-XTept4AaABAg.AFAQbCR6KGYAFAk30lp27q,negative
UgzxMzcqOXzL0Oe-hCp4AaABAg.AH1QNYJcHkOALw4BHS3imN,negative
Ugz89pKaVMzZJljRLvR4AaABAg,neutral
Ugy18eoyNqM4kKC1VK14AaABAg,negative
Ugw04yu8Zec13xMx5G54AaABAg.AFAwX5LRv0wAFIzaJRLS4-,neutral
UgyE3EycpF0OgHr-26p4AaABAg,negative
Ugw5Zj74cRcSuu2ETdR4AaABAg,positive
Ugx1qvP1dHc3EGYGBXl4AaABAg.ANkaGxuHs1SANkoPfRzoTK,neutral
Ugz3k97WjAODnbMrzo54AaABAg,neutral
Ugw6o4eJ-4CcHNtgr4Z4AaABAg.ANIVGD-WcHUANIdW_b2Ts3,neutral
UgxUp0-mlBZUhvfnFrF4AaABAg,positive
UgwX19G223ZbaF3m9g14AaABAg,neutral
UgxnZpD19GLCZnW0C9h4AaABAg.ANkTZaY5oyhANk_AJrZHWL,positive
Ugz-IxoDVVYJSSgUYfF4AaABAg,neutral
UgwLHbJ19kCBKE_qiEF4AaABAg,neutral
Ugz_eimFve6My6TJ95B4AaABAg,neutral
UgzRCGVvUe5umnulYiJ4AaABAg,positive
Ugy7LX08rMBwoWCbNhZ4AaABAg,neutral
UgyUWncXBf1znkB0clh4AaABAg,positive
Ugx18r8wYTWFIIJQ_p54AaABAg,positive
Ugwib_Ny-t4b6iynKV54AaABAg.ANkoYSz3kh9ANleWP-Vk6U,positive
UgynAS51zVuIoudIa8B4AaABAg,positive
UgxgRPjSbiv4VabwT_R4AaABAg,positive
UgyoQ3ngQm9PerXHout4AaABAg,positive
UgzRbb6RUynfj5Em4hR4AaABAg,neutral
Ugxlr_DFfWe6Y6FxKmp4AaABAg.ANI5yjXUB5IAT0bHTuzRRX,neutral
UgxY4IBKF_SHDlowqSh4AaABAg,neutral
Ugwho9p5Kjv1vY5yGLV4AaABAg,neutral
Ugw2FRqyaPvvk5zyFzp4AaABAg.ARJhqqJ_xqJARalQ8taR6i,negative
UgyiVfI5RELmRocb_QR4AaABAg,positive
UgyTn_ufRtXwtrRW9pJ4AaABAg,neutral
UgxeIbF2bER19hpFaQN4AaABAg,neutral
UgwFQG2PV_iksOqduBV4AaABAg,neutral
UgwmZU9kTgXA6dbBU4h4AaABAg,positive
Ugy7LX08rMBwoWCbNhZ4AaABAg.ANI9f9McH25ANIGNhulW1A,negative
Ugw34nOeho14RWfDxP94AaABAg,negative
UgxpwzUWN-vyP72tfDB4AaABAg.ANI5U3sJLhUANICwKdH5a7,neutral
UgzfwrNSuZ2_eC4mXvR4AaABAg,neutral
UgyOpkvSgTknvjsRufx4AaABAg.ANIHVlAUEuiANIVMurqHO4,positive
UgzDxV3b5juLIt21mzJ4AaABAg,neutral
Ugz895PsXsnzBlJtpQV4AaABAg,neutral
UgzTegKQjmQ4tMip9GR4AaABAg,neutral
UgxFzS5Or0Dk9S6vWAZ4AaABAg,neutral
UgxG8IeSiRvDt3kYmaJ4AaABAg,neutral
UgxqhtaEwjtC_mHDG854AaABAg,positive
Ugxbj3-HDNq5a7BPqDN4AaABAg,neutral
Ugy7LX08rMBwoWCbNhZ4AaABAg.ANI9f9McH25ANgHrYqiy2u,positive
Ugwmc93EWH9n0fLwaKR4AaABAg.ANkTsaLXnHSANlOPlaWnfc,negative
Ugzwr3U_IbpgHgWRfJl4AaABAg,neutral
Ugw9s0AEByjniuKlMQF4AaABAg,positive
Ugwib_Ny-t4b6iynKV54AaABAg,negative
UgyOCJXv3ltBbOmWcpR4AaABAg,positive
Ugx9P4cuS4HwFDzJ4LF4AaABAg,neutral
UgwCGRYMD52j1wEA7jd4AaABAg,positive
Ugz_kBW00w52OpirURh4AaABAg,positive
UgyQYL0oGaT12exb-hx4AaABAg,positive
UgzRRBi1lNC8iOBexc94AaABAg,positive
Ugz9-Pf-Avcm7EDVC3h4AaABAg,positive
UgxbSl_01w_EVNC8Y7x4AaABAg,positive
UgyXb3SO7gK52GGxHl14AaABAg,positive
UgxKSyRncYgWUWBS1SV4AaABAg,neutral
UgwKhrqUH9jTLxg1iBF4AaABAg,neutral
UgyyVdkRzNo8f9SoEvZ4AaABAg,neutral
Ugys2ILseiJDHWfnXft4AaABAg,positive
Ugy1-73hjTAMabJGZkN4AaABAg,positive
Ugz7ck-Q6148ur3q9rR4AaABAg.ANNe-VNILekAU29UmPTHzg,positive
Ugwr5Ymzhe0eh06PDVd4AaABAg,negative
Ugw3gvkZNJiArQspAGR4AaABAg,positive
UgxUhvHi8bjZEIYBh7J4AaABAg,negative
UgwGIS62N1L2wWkGCYB4AaABAg.ANYbiZ0DunxAQfvx_pGo-S,neutral
Ugz7ck-Q6148ur3q9rR4AaABAg.ANNe-VNILekANR3Z4X2x4F,negative
UgzzNX30fta33UE6g-94AaABAg.ANYeP_Mdg_qANZkiLNWz8e,positive
Ugx6MPw1hSGyGtzcvvZ4AaABAg,neutral
UgwT4xawbr-2eXJ-m1F4AaABAg,positive
UgyOFLMd2oN-s5HQGvd4AaABAg.ANOf2diGGxDANPhR_0enbj,negative
UgyIJuZhAMPgvflQlbB4AaABAg,positive
UgwNgEb4EIdWCfwtFGJ4AaABAg.ANYbhDFkjAiANYcui6M3AS,negative
UgxbuTIKQ3CvrZTHoLp4AaABAg,neutral
Ugw7pXXg8GZSORTWfXB4AaABAg,positive
UgyOFLMd2oN-s5HQGvd4AaABAg.ANOf2diGGxDANXBcAd1d0E,positive
Ugw_YIZtOm5lB0wuEh94AaABAg.AN_ofMsNOpoANpl2UdqXOd,negative
UgzzNX30fta33UE6g-94AaABAg.ANYeP_Mdg_qANYkBf2kfa6,negative
UgzzNX30fta33UE6g-94AaABAg.ANYeP_Mdg_qAN_aK5VRkmD,neutral
UgyB4DWjxSIec5OqxQl4AaABAg.ANYgLwfsmzLANYzddxj5ib,positive
UgzzNX30fta33UE6g-94AaABAg.ANYeP_Mdg_qAN_Jee9eT_k,neutral
Ugz8MOCluWFpjwKeVPJ4AaABAg,neutral
Ugz7ck-Q6148ur3q9rR4AaABAg.ANNe-VNILekANSGg7awdDH,neutral
UgwsDm18G8qB_wXEge14AaABAg,negative
UgyJxHoCS91-fdUyR3t4AaABAg,neutral
UgwOSDix9fRSLUGbVvF4AaABAg,neutral
UgzzNX30fta33UE6g-94AaABAg.ANYeP_Mdg_qAObWeqUt03J,neutral
UgyOFLMd2oN-s5HQGvd4AaABAg.ANOf2diGGxDANRjGLIK5A7,neutral
UgzzNX30fta33UE6g-94AaABAg.ANYeP_Mdg_qANZg5bEsam5,neutral
UgzzNX30fta33UE6g-94AaABAg.ANYeP_Mdg_qAN_B1CLKCSc,negative
UgwUY58iWQkgRKnbG4B4AaABAg.ANNjDSqhfR8APsmYtE6fj0,positive
UgxTKAKDkuFbdHxm6T54AaABAg.ANYg9COmqBKANYq62jgpCJ,negative
UgzzNX30fta33UE6g-94AaABAg,neutral
UgwxsR0lyvlk32ZK4054AaABAg,neutral
UgzH4mIIkIQ1rYopGxZ4AaABAg,positive
Ugw_YIZtOm5lB0wuEh94AaABAg,positive
UgzNvw3WuNSnle3T_GZ4AaABAg,positive
UgydFNopiuzwfS3o0z54AaABAg,positive
UgxbSl_01w_EVNC8Y7x4AaABAg.ANNolk5aB_4ANO0Uc7M3Ao,neutral
UgzzNX30fta33UE6g-94AaABAg.ANYeP_Mdg_qANYieXCEnC3,neutral
Ugy37sYwB-xD-Skirp14AaABAg,neutral
Ugykf6Z-r_8IQD7FrPx4AaABAg,positive
Ugx2woG_O7ROMSJ2ElJ4AaABAg,negative
UgwfbYjT3K4VRWlc5kF4AaABAg,positive
Ugy_GjjG1-eJAAVNItR4AaABAg,positive
Ugx2hplD4DYCm_AuF994AaABAg,positive
UgwUR-065RrGvgRErgZ4AaABAg,neutral
Ugz7ck-Q6148ur3q9rR4AaABAg.ANNe-VNILekARf_2cu7PBn,neutral
UgzPF8yg-dymXDxN7WZ4AaABAg,positive
UgxPZOue6hay9Rxa-1x4AaABAg,negative
Ugwe_YZLDAE-iZq-oqB4AaABAg,neutral
UgxfFeLMrhdLaJkCMQx4AaABAg,positive
UgwqAKO2ZM9z6f0LENp4AaABAg,negative
UgzimcZy9c8C0aotYsN4AaABAg,negative
Ugz-n50uB-Ah1SnMy9p4AaABAg.AU8BlkG6BebAUAmu039SVh,negative
UgygyFykyzkBsyhBxzh4AaABAg,negative
Ugz-n50uB-Ah1SnMy9p4AaABAg.AU8BlkG6BebAUBejdLtei8,negative
UgwQmr0izyN89QaAbYJ4AaABAg.ATqOF3PZXyqATuJGPFHpXc,negative
UgxH4x-i1LfIilskGbJ4AaABAg,negative
UgxPZOue6hay9Rxa-1x4AaABAg.ATucHvWT6KxATwS1tk3qi3,neutral
UgzyH5nV_zu39QPoYlV4AaABAg,neutral
UgwXvK52N6PSR0AQkIt4AaABAg,positive
UgwUcGHFlvP5331B_cJ4AaABAg,neutral
Ugw5VHh4P6OhElHAYIN4AaABAg,negative
Ugzj7Tya44SHY2t28VB4AaABAg,positive
Ugw2z2_WpdBwtdfkslV4AaABAg,positive
Ugx8dRjqouEhVJmW6wp4AaABAg,positive
UgxZbK9nyGphDTgbucV4AaABAg,positive
Ugy1_kLnIHvN9LDYO9t4AaABAg,positive
Ugw_Eo4c1E7AiO_4wxh4AaABAg,negative
UgwJcZxdsxGS1qJGcTF4AaABAg.ATrDmMxXDq7ATrE79Az7Sq,neutral
Ugzhj8FFbzMj9_f4pOp4AaABAg.AU8AWaAAKazAUAp-4xFt7P,neutral
UgyoMQjtqWkRUnHDaeN4AaABAg.ATyIwqrSCTYAU-ODp_yLf6,positive
UgxPZOue6hay9Rxa-1x4AaABAg.ATucHvWT6KxATyoiLuBSTL,negative
Ugxz_27OFOblyFx55-J4AaABAg,neutral
UgwKMkliCFYXdQhu8nt4AaABAg,negative
Ugz_faIozHPbvvSkoK14AaABAg,negative
UgwP-y8h4TGstZhdkTJ4AaABAg.ATh4FNrcDCPAToa2AMGYrY,negative
Ugy12jPtGQ3nyAjSamR4AaABAg,neutral
UgwJ5e_DssddTc7-SeB4AaABAg,negative
UgxpL-vEtOXs-qHl_X54AaABAg,neutral
UgxZdomplKYdIB7fccx4AaABAg,negative
UgwNqjc47Z1QUmliB7p4AaABAg,negative
UgwECO_Ra49Lb1Vde1h4AaABAg,positive
UgzAedPCgAfSOFwwWsd4AaABAg.AUDURi7s_OOAUFtxr5J3Sw,positive
UgzFzECJY9dK85kLoa54AaABAg.ATelyacVlnVATfytSIlYHu,neutral
Ugx-Q2TUvJjcOvN0yrt4AaABAg.ATpA_G26qcgATqjhJDD5rw,positive
UgxlE3uCf8omFNAeTdJ4AaABAg,negative
UgzgyKAaCWWOHD_hrFF4AaABAg,negative
UgznwhvG0o4bLpOcdPV4AaABAg,neutral
UgyqzumAQVqAdZnssKd4AaABAg,neutral
UgwQhcq35FrLlwJEVgZ4AaABAg.ATh3ll7IBY4ATueisjabKT,positive
UgzKTXu7HN0gK1Mi07h4AaABAg.AThApceCQHXAThsP4L2Jtz,negative
UgxvsjlGInPa3iN0EV94AaABAg,negative
Ugysu-PN0K30n-QLJwF4AaABAg,negative
UgyrK4n0Jm8VFip5h-54AaABAg.ATwqVCafh0YATxRGtyX-ML,neutral
Ugwdu5fABGHTlrPIwa94AaABAg,negative
UgxOOud0MkAXWEuc_VB4AaABAg,negative
UgwFAgVScjWoN5YwoPh4AaABAg,negative
UgzxAlQRY7I2a4k32aV4AaABAg,negative
UgwjR20ILBi3HV6dlBN4AaABAg,negative
Ugz7HUrj2QqrSeNQ3WF4AaABAg,negative
UgzxL8lPcOWMLkQiEF14AaABAg,negative
Ugw0HqJbLlsbHYESCCN4AaABAg.AU89XZk3VRzAU8Ahv7i4mx,positive
UgzgMs2LxDGdpCiblV54AaABAg,neutral
UgxTnDz9dL8ycpqcqUx4AaABAg,positive
Ugy94qtmUNO0buOOBe54AaABAg,neutral
UgwHAXrzZT1j0GDxXwB4AaABAg,neutral
Ugz9EdPAp0o_dYYeFCN4AaABAg,positive
Ugwm-MAaAOSVt76nuHJ4AaABAg,negative
UgyY_A8NniAhpad8lwZ4AaABAg,positive
Ugy2eKGQyjlE8s7LjGR4AaABAg.AU8QGYIq1UGAU950yL3spb,neutral
UgyAQK9TYS95Cm7cKEx4AaABAg,negative
UgyR3-X_X_FLWepR2p14AaABAg,negative
UgybvCW5A7yEO6vo6vB4AaABAg.ATrSpyC2E0wATtXIUVp4JM,positive
Ugw0FJ9Au2NxKX_GnmJ4AaABAg.ATh371-W1i3ATi4UsNormD,neutral
Ugxtfv5tDjvTc5_flpN4AaABAg,neutral
UgyyNFsIePKAxUKYRqd4AaABAg,neutral
UgxuKqgmJRcfRlUl3Xt4AaABAg,neutral
UgxKKq_1Frgo1HVpKDB4AaABAg,positive
UgxKhcBwWJMegwK3Ysd4AaABAg,neutral
Ugx32_Wpw1FLTGtYXJJ4AaABAg,positive
Ugxo977BzFeTxwcb3ER4AaABAg,neutral
Ugz5323IEZ164AL3bqh4AaABAg,neutral
UgzdT0dsTn_tjWKr3bp4AaABAg.AUCYjsNmjyCAUCdoumudCE,negative
UgxiQOXk_rbh9AT7nx54AaABAg,positive
Ugzg-sndpo5_5ahGBVx4AaABAg.AUBWmv_56hZAUCEWBjiajz,positive
UgxTPriYu4k_cYIOrnx4AaABAg,negative
Ugw39zrSbJo1nWAAfVl4AaABAg.AU16Z0wK7sHAU3Yn7g87sF,neutral
Ugx5qIgDB4zVJT9LNKR4AaABAg.ATv0CmGzZSPAU1wWzdY-H6,negative
UgxJq3eQCiWf4dqFr3p4AaABAg,neutral
UgxW7XX7Us3bWBO3aYh4AaABAg,neutral
UgzzbMy8lZKkGWHwRsR4AaABAg.ATk_HT8prc2ATl1QHEeNv8,neutral
UgwR9LAJCjtxv5B_gml4AaABAg,negative
Ugzf7ks6EMFrNX4z6Z14AaABAg,positive
UgzTEAA8UszgyewvuRF4AaABAg,positive
UgxjSn3A3lLPYVgxjYV4AaABAg,negative
Ugxd7LtZVzRsBKffdOJ4AaABAg,positive
Ugxp6JfVp25j5BN6qqR4AaABAg,neutral
UgzMJmNcHj9X7V4_um94AaABAg.ATtrZghIY7nATv_hjmiE6L,positive
UgwjWFasIcjoA_MfydR4AaABAg.ATuYvTcLYRwATzLdTdRIJb,neutral
UgyCGSbYG_My38pRNt94AaABAg.ATyxghjGLD-ATzCRWxDDIz,negative
UgxFJH0EW1RQAa4aH_J4AaABAg,neutral
UgyEtFkXAzSZbfiddIV4AaABAg,neutral
UgxSD4uq1MaOxA1LdrR4AaABAg.AUFIJb2yHmWAUGppj6n-O2,positive
UgwFayaOkPL3NIJQwvN4AaABAg.AUDRSA1BmzbAUDSyTK8tfF,neutral
UgyS8mXEjQfmgBRRhMZ4AaABAg,neutral
UgxOq4jIjd3p-6j7ucN4AaABAg,positive
UgxvnJi-J_kyucgLyKB4AaABAg.ATrlSNOVyg4ATrolTlkc20,positive
UgwQ-x12bS-gP-K-nYd4AaABAg,neutral
Ugz7WP73a9E1U3N3U1B4AaABAg,positive
UgzvQrTm9E1tiy-UEXN4AaABAg,positive
UgxXe0-MO_JF1OrvnHZ4AaABAg,positive
UgzzbMy8lZKkGWHwRsR4AaABAg.ATk_HT8prc2ATkoMp2S72D,positive
Ugx8PdxMs-wxqzoUWmV4AaABAg,positive
Ugylf0WncFMEGTs2ndR4AaABAg.AUBZizgsM_7AUBxattawwr,negative
Ugwb0CKyloYu8o_nEjJ4AaABAg,positive
Ugw7UYbsiKsaCpJb5C54AaABAg.AU57NfsVS7LAU6BZEtSrAK,positive
UgxuAFw3a9FaWyAZAgd4AaABAg,negative
UgzMJmNcHj9X7V4_um94AaABAg.ATtrZghIY7nATxRy4ySuWW,positive
UgzEaUnUPXS84sLtech4AaABAg,neutral
UgyEty9oGtjp7bBzWSN4AaABAg,negative
UgwZfI0KqxeBXdQfjLl4AaABAg,positive
UgzTIxqVOc3Vg-_KilV4AaABAg,neutral
Ugylf0WncFMEGTs2ndR4AaABAg.AUBZizgsM_7AUBu2WSFsbN,positive
Ugx3QM2JRmbUIbIu1y94AaABAg.AUB_31rfpkbAUBbfd5ljv7,neutral
UgxCSmYe5KM5Y9b_hUR4AaABAg,negative
UgwbCEHEhOC7sH3dwEl4AaABAg.AUEAv6OOSYdAUFy8aoUUJt,negative
Ugz2R6bxN5eZV8q6kLR4AaABAg,positive
UgzWaOWe-mqf1tH3B8Z4AaABAg,negative
UgytutN2ieYPzFn6f7V4AaABAg,positive
UgxUDgyMYI5R5_-3Xpl4AaABAg,positive
Ugz4sbqA2j7Db0SkM6l4AaABAg,positive
UgyfURldvoR2gjv3ef14AaABAg,positive
UgxaVO6SNz9IwglVnWp4AaABAg.ATx0PSEW3lmATyIs--ig5r,negative
Ugyz5pqbUz2X3w1ffh94AaABAg,negative
UgxMCg4QC4cH8Efmg9B4AaABAg,negative
UgzRnZjH-uKScS7oLgB4AaABAg.AUAhv2RtgQ1AUAqje3FkBf,neutral
UgwwEwa1CxYY5aMYevd4AaABAg,neutral
UgzSnqa3c91Yekb9sNB4AaABAg,negative
UgykQO9YQiszBhvhrBl4AaABAg.AUCxO_VcLolAUD6f7ZB-Vh,positive
UgzO5fFdeBmAQIUVTFt4AaABAg.AU17JAL_UyMAU1eCL56yTe,negative
UgzcIWG-F_GCVuJbGbZ4AaABAg.ATjCmwx_uQ_ATnwPHrkuzd,neutral
UgzQMVoeRV3SKOUiR_h4AaABAg.ATrncylsjUwATrq9hlKDrM,neutral
UgwYe_i5pwQnaf_fdL54AaABAg,neutral
UgxJyfrm5RPUnVFaLh94AaABAg,negative
UgzvAu7vl4a4UqsaC3l4AaABAg,positive
Ugz3qZQ6cxrIvFtYT7R4AaABAg.ATu50zi1JxLATuYo62szP4,negative
UgwHNBWM3gmvDlbXuvl4AaABAg,neutral
Ugx6E8-B_YSbuD9Ts_94AaABAg,negative
UgxXvgKTGBxsnZtapzh4AaABAg,positive
Ugze3QcaXGtX24-HQ9d4AaABAg.AUAx1CoglLqAUB_FzX6TCy,neutral
UgxE9cBtsPjxMPs4HNd4AaABAg,positive
UgyDG-mvzFppR7-e1Pt4AaABAg,positive
Ugywn2I0KW0Jm8lT1714AaABAg,positive
UgyY20fcoY1lKQCJGxl4AaABAg,positive
Ugwym2TQBQ42Ir5Ax3x4AaABAg.AOcvHYAKVLNAOfXxxR01Rx,positive
UgxamidO5mJ9mj-rTjp4AaABAg,negative
Ugzu33T8SpqsU9cPsCp4AaABAg.AOcvbrECHKWAOdIkHoLwaR,positive
Ugy8UqiEP0PGjHyiqmt4AaABAg,positive
Ugzc4ICfF2jj-79E-Fl4AaABAg,positive
Ugy6FMHNSsGLvOR4ah54AaABAg,negative
UgyT4aixLwLW4j6UIpl4AaABAg,neutral
UgzvDN7heKukkAeAUhh4AaABAg,negative
UgxhwWTUw-rwZi2OXDx4AaABAg,positive
Ugw1ldwQ3tMJSTInzbp4AaABAg,negative
UgwsEDE1U4QGtPfKaj94AaABAg,positive
Ugz3j82dYTcKWKvbdmB4AaABAg,negative
Ugx2_SM-DawxAy6eBhp4AaABAg,positive
UgybG7DL9gesbu4uqWl4AaABAg,positive
UgxX5wBoRwnZHyGvupV4AaABAg.AOcVRttf_JkAPjP7ADh_pS,neutral
UgytCwr1LPfKo7DWQOd4AaABAg,neutral
UgzeDsFbGBrAR54yIc54AaABAg,negative
UgwqfG6NhXCETFC_pyd4AaABAg,negative
Ugy1YaxE6iy5jW_liUJ4AaABAg,negative
Ugx0YwbdZ5VmDUGh_HR4AaABAg,negative
UgxgkAXbd-KrfKX-vDt4AaABAg,positive
Ugy7LGHFldQ2ym9gbBN4AaABAg.ASVB0EeyWOVASiRe1-68wp,negative
UgwCBZ1YqSOiecikAcJ4AaABAg,positive
Ugz4sGxRrzUSZ1ctI854AaABAg.AP-7xJuFN5DAP-9UnfqaDK,positive
UgzdzbMGiQEUOurnLiR4AaABAg,positive
UgzToOE4QvZ3AhE-TUF4AaABAg,neutral
UgyMhE_bRQJ9qxVF3Cp4AaABAg,neutral
UgyELPHgy9dS_PeMm_l4AaABAg,neutral
UgyELPHgy9dS_PeMm_l4AaABAg.AP085G58wRNAP2eHKu0imU,neutral
UgwFAGU27LrtPHSX1Zd4AaABAg,positive
Ugxv_jvbrGSGf1nCk_54AaABAg,neutral
UgzwuQ1TN6Uq8Nia_UF4AaABAg,neutral
Ugxeanzm7JMqrhAk-y14AaABAg.ANqokdepWUuANsOK6pvaEY,positive
Ugx_qgZzorjWYnfxURR4AaABAg,negative
UgwU8Jc1tu47_l77JY54AaABAg.AMosYz7HfU1AMpXYzRnpis,negative
UgzZZUwkAag0IghxU8N4AaABAg.ANquy7HyW5fARFNCqZ4ITB,neutral
UgxiUd01C8qCY5dxZ8J4AaABAg,positive
Ugy78S50x_3FTTBTwK94AaABAg,positive
UgyvReMPHnAq6i6gvjF4AaABAg,neutral
Ugz1B9TLLfE7iQrbfTJ4AaABAg,neutral
UgxiirwZLxG084o_Z5h4AaABAg,positive
Ugz9ZHZ9rNmBLIwNIa14AaABAg.ANezFFASVewANhrl804My6,negative
UgzxmA1DNSEpZKbkUip4AaABAg,positive
UgzW5Jc02zlfgp8SXTN4AaABAg.AMoj9-cdFdyAMoo6iwwFJi,positive
Ugx1mfiyf-knvwNwTF94AaABAg,neutral
Ugxly2vh9fGzovOz9xB4AaABAg.AT8aD1wBt42ATCGTkfgsRF,negative
UgxBDOlZOC62oumoLWF4AaABAg,negative
UgzbwOhv3TFxRGbn6IJ4AaABAg,neutral
UgwRUGnHiCDA3xMwTTt4AaABAg.ATGDTpfABTYATbkjmyDNdZ,positive
UgxCeqM1hdGwGggmXft4AaABAg.ANqhjo_vF7fANqolDbR0CJ,negative
UgxKxbElFEmqfAXn1jZ4AaABAg.ASUVOiNUCs-ASUY6ZXwELa,positive
UgwwPy1LEaIYwouf1d94AaABAg,positive
UgzZGgD9XRSr0uo95G14AaABAg,positive
UgwEv8kpyPShJf4bdWV4AaABAg,negative
UgwwGDo6SQq_q3o6r5h4AaABAg,negative
UgzkcJomj_K41NIK2td4AaABAg,negative
UgyT0A9AMC_9CXFnpDB4AaABAg,positive
UgyHISeD3wfBWNLvvLl4AaABAg,positive
Ugzho3Aa0v2I19luthd4AaABAg,positive
UgzpVkfudPRwvASPFG94AaABAg.AR3uYsy50fuAS-JgAwEv6U,negative
Ugy1RBvfMTeHySqKDLd4AaABAg.AMT5y8xGbTbAMTPbORBpuA,neutral
UgzdzbMGiQEUOurnLiR4AaABAg.AMiYkVG7pcPAMjaJj12jFx,neutral
Ugw2F2ubewU4pFY0f0Z4AaABAg,positive
Ugx-L0OnzI0fYLE1pcN4AaABAg.ANqjazxAAxXANrccODZ9XK,neutral
Ugyy1K0NF8NIdwWwTtF4AaABAg,negative
UgxqRTSXaNcCpJExkQp4AaABAg.ANqv_sATrWlANwA4xnSi03,negative
UgwM-WZSmmjTwFI3ck54AaABAg.AMop_FDEXJyAMoqH6kY1D8,negative
UgzjdzAsA7Lui0q-BKV4AaABAg,negative
UgwMJ_OA0VrK9TUaxEh4AaABAg.AT-rjzI-ydiAT30K33qSUh,negative
UgykzZzzbPDJigWHho94AaABAg,negative
UgwSNcDB-lg3G4W0K5B4AaABAg,neutral
UgxPJeKGbTzEv8h3Iu94AaABAg.AMooadnAWEdAMt2d4EoINq,negative
Ugz9ZHZ9rNmBLIwNIa14AaABAg.ANezFFASVewAOp6dZ-xwlB,neutral
Ugzn8cuL5P4YXiOO1MJ4AaABAg,neutral
UgwtlMjIgmnTGQTLrqF4AaABAg.ATS7a9vr0UfATSWan8k1Wu,neutral
Ugxqd5IX5NChGQN1mjR4AaABAg,neutral
UgwMyIZUiApK2umATw54AaABAg.ANqvhpW3FdMANrBwgmMaoj,neutral
UgzXFSC1KeJOaZRsNQx4AaABAg,negative
Ugy7TpJUrRvW2VZ70xh4AaABAg.AUBJ3UGpC11AUBXysZOu2x,neutral
UgzZ7nBr1M2Oa5BIULN4AaABAg,neutral
Ugx_D48zBCdZ9chL4J94AaABAg,positive
UgwDUs3UPYqCbmbyT9V4AaABAg,positive
Ugz7gO-srhEgBFBjfON4AaABAg,neutral
UgzvksfmEbGdSWHvqiZ4AaABAg,negative
UgxrQ2C1ptvNoRcKQZx4AaABAg,positive
Ugwf6tSbsXemQQijxIl4AaABAg,positive
UgzQqi0rkqcl38Ry9iJ4AaABAg,positive
UgyhkubNNPdnyGpSOe14AaABAg,positive
UgzMCqR2-NUY-R-DYBx4AaABAg,neutral
Ugy_EdXABkym-U9CxoZ4AaABAg,neutral
UgwtZUYXB7fRUPZj0lZ4AaABAg,positive
UgzfjviNtlAkMtqcPSh4AaABAg,negative
UgxOQGtaHTC2SOzCFWV4AaABAg,neutral
UgzrrdLIVuk0jco7-8x4AaABAg,positive
UgxUkBusPxEW99dN5gt4AaABAg,positive
UgymVKfVIsW7i4WZWRF4AaABAg,negative
UgxTPA7vj5RFJPCf2P14AaABAg,neutral
UgxIys1x-E0Dv1Mf0j94AaABAg,negative
Ugw3B-qWYpdPAtplzm94AaABAg.AMzBNdEx1Y9AN2DkhDNyDm,neutral
UgxrQ2C1ptvNoRcKQZx4AaABAg.APxIziLeQzTAPxv8YyM6A9,negative
Ugz5nEGjm-p3nuWQNa94AaABAg.AMzExiamjuJAQEowdq8noc,positive
UgyGZs0CZDTgbOTyOqZ4AaABAg,neutral
Ugxu8GLk06xFYAuAO0B4AaABAg.AMPgmvixwBRAMT49Lm8PBk,neutral
UgwUZVDhC_bD4yY7iQl4AaABAg,positive
Ugxdw-1WIvVLJ9qlayt4AaABAg,positive
UgyCHgoZjB4lIgesgb94AaABAg,positive
UgxxVEcVx_gQMSTkhOV4AaABAg,positive
UgxOK1yrxKfvNZ6awGd4AaABAg,neutral
Ugyods2ABDG6aeuBmhh4AaABAg,positive
UgwhMQI5isMZXD9RIL14AaABAg,positive
UgykGQjBJLC_Xv9suJ54AaABAg,positive
UgzhUgv5PJhFVnmUFwt4AaABAg,negative
Ugz4eNGDd1TK0MBLau14AaABAg,negative
Ugxz7EAVNPx0Yc1htk54AaABAg,negative
Ugxz7EAVNPx0Yc1htk54AaABAg.AMQAbaxzxLVAMZXFnKSQa7,neutral
UgzEaMXYXa32RP9WnrR4AaABAg,neutral
UgzdttIJ5NF4AEIxhKV4AaABAg,neutral
UgxAUc6K3ufAhd6nTOJ4AaABAg,positive
UgxNkcM4w7dawouCTbV4AaABAg,negative
UgwIR1iiX6bDvb533Tt4AaABAg,negative
UgxTPA7vj5RFJPCf2P14AaABAg.APx0qNeMP-iAPxDnPHuQ0-,neutral
UgxYKko4Cb9YFbJKo194AaABAg,negative
Ugy63ereIW72fPP3tPh4AaABAg,positive
UgwSumbxWSS18U-WKkh4AaABAg.APx-rgsD92kAPxOIv0zjqT,negative
UgwpMcduQ2Ro901MWHJ4AaABAg,negative
Ugz10PAs2SS9uYnvi5Z4AaABAg,negative
UgzuGIFyQbaGId576jl4AaABAg,negative
UgwUMiG8BmQDckNWu5x4AaABAg,negative
Ugw4QgetQbJ_sYqspiZ4AaABAg,negative
UgwI4_L2jUYfBSC-mzx4AaABAg.APxFLq1WRXQAPxZw2rrvYR,negative
UgznxP0MI_4WdJPnmnd4AaABAg,negative
UgwJIPDVegr8bSCGP7Z4AaABAg,negative
UgwFN1vRphCtT6iSXsN4AaABAg.AMyjAcXCl3lAMzeefGc3ag,neutral
UgyHo2suKRyHUAACWeN4AaABAg,neutral
UgxrIreFr_Y9JI63Qil4AaABAg,neutral
Ugy871g3L9WHfAx082B4AaABAg,neutral
UgwI4_L2jUYfBSC-mzx4AaABAg.APxFLq1WRXQAPxJAdAVHDq,negative
UgzHBW2rn3wfszfB93Z4AaABAg.APxPVMPWb0nAPyQNKxKJJT,neutral
UgzHBW2rn3wfszfB93Z4AaABAg.APxPVMPWb0nARXIonVx_1z,neutral
UgzHBW2rn3wfszfB93Z4AaABAg.APxPVMPWb0nARXIqFvBkMl,neutral
UgxoNqY68UNjCkcAuKl4AaABAg,positive
UgxA6CK64xoBXoSBwy94AaABAg,neutral
UgwQ_Hzk13BnJ-CvrLV4AaABAg,negative
Ugzzo7nBBhd2LJuPTu94AaABAg,positive
Ugy1gKUJ5C8n75dAnTd4AaABAg,positive
Ugw2tGaGDH363fWoPPV4AaABAg,negative
UgzTGKjldaottCfv58l4AaABAg,negative
UgwOlT_DZEP0Ykw7waF4AaABAg,positive
Ugzzo7nBBhd2LJuPTu94AaABAg.AQg_lt-maLXAR2dRm06z90,negative
UgwdyE8AALT_bJzySYB4AaABAg,positive
UgyLf9LpePUHFiKtQMJ4AaABAg,negative
Ugw9DjvqQw_bFQgPMrh4AaABAg,positive
Ugy78R5faYoRt94LJg54AaABAg.APxV8NKMP41APxWrUDZLPM,positive
Ugzd2jZwgmj1ZBrtG8l4AaABAg.APx55UGw8rRAPxQFH_AfAZ,negative
UgzMJcSl4Y7IZJqbbMB4AaABAg.AUBEUpkHtm8AUBZNa5u7ij,neutral
UgxqZ-WsS3D7j9oSu-p4AaABAg,negative
UgwSWnHXwlBcbZ7ff514AaABAg.AMz6lLE1wp-AN-OAhhLk_q,negative
Ugx3tt0IdOTqu7Quu3t4AaABAg,neutral
Ugzzo7nBBhd2LJuPTu94AaABAg.AQg_lt-maLXASSj17TxPEK,neutral
UgxJnTSR8uAwoMp3yJN4AaABAg.AB8vFtz9fcAAB8w2ReDoen,neutral
Ugx7kYWaJu2rZp3Sah54AaABAg.ABAuzidPClkABEzn6wmFDC,neutral
Ugw0hNXd8vp3fcdiXNt4AaABAg,positive
UgyI4ZennDUeVinUsx54AaABAg,neutral
Ugw7snNyKwNVebJyFqZ4AaABAg,positive
UgydE1ysEoj0TiYD4zl4AaABAg,neutral
Ugw8mA7s2piChJJbXy94AaABAg.AB9QPSkLRdOAB9TWdKg6x8,neutral
UgxjxAsTIbbnQTAQ1A14AaABAg,neutral
UgyXeTtO-j-BG8CvDYB4AaABAg.ANlRZ4fPOS4APgsuEgxxce,positive
UgwIo3vkeAhVFC5iR0N4AaABAg,neutral
Ugx7kYWaJu2rZp3Sah54AaABAg,neutral
Ugya5JgrsEhyuXhlQ0l4AaABAg,negative
Ugw1a_yNgzlcTmXicSl4AaABAg.AP3-8vHMzaTAP38rs7IwR6,negative
UgyIj8Ow6gInDR2CCHh4AaABAg,positive
UgwfA1OuCitvKUXiInZ4AaABAg.ANL9mxeqpw3ANLAvDYCQAD,positive
UgyqpKls9JOISqH2jKJ4AaABAg.APGsC7exmFCAPIETL-i80d,neutral
Ugw8emma2ye1CX9DZ4p4AaABAg,neutral
UgwaD9cHi4Abb6wOG0x4AaABAg,positive
UgzKAPZxSBAtnF3_Peh4AaABAg,negative
UgwfA1OuCitvKUXiInZ4AaABAg,positive
Ugz_a7MLcnx8yBOUI1x4AaABAg,positive
UgxtMjl0ZZ1--13aunV4AaABAg,positive
UgzKeNhqC_-RSohzQph4AaABAg,positive
UgwfZEnHe3PDJ0RS8rJ4AaABAg,neutral
UgzT8q2SwHNV2hjwWd54AaABAg,neutral
UgyQugIofp4R9LRha1h4AaABAg.ANLHk6N0rTnANLMLcbQPEU,positive
UgwfA1OuCitvKUXiInZ4AaABAg.ANL9mxeqpw3ANrvXVe4n-Y,neutral
UgzfJTuhsXV9IMUzTgB4AaABAg,positive
UgyPMrQiRo-1voAH6Dd4AaABAg,negative
UgzMApdoTnpHLfd38pl4AaABAg,neutral
UgzZ90QfrCfDF8pIyIB4AaABAg,positive
UgyyBpQ_qz_Xjt2C_xZ4AaABAg,neutral
UgxilTz52WKoLM8Nqgh4AaABAg,neutral
Ugx2xjyV8gJjFLYkr8V4AaABAg,neutral
UgzREA27znSK9Rg3Cul4AaABAg,neutral
Ugx4TvmHiH-4_ZQwZDp4AaABAg,negative
UgzBba7pOr955_s7-Bt4AaABAg.ANLMpr7P5S_ANLNfCIFivj,positive
Ugwcm__WpD2YgowA_RN4AaABAg,positive
Ugx2TiwhdluBZD7FPt54AaABAg.AFoukU9qxxTAFthdqVGPdJ,neutral
Ugy5ekQguViOHynmY4J4AaABAg,negative
UgxjqrHONe6tGXmhYi54AaABAg,positive
Ugw0-UaDLl_QN_CuUr54AaABAg,positive
UgyehAubPdkXoLc7ckV4AaABAg,positive
UgwQlTzDP3VcUhsY_jh4AaABAg,positive
UgxZd3xMzLeEhqHoOZ54AaABAg,positive
UgwaD9cHi4Abb6wOG0x4AaABAg.ANLDnQVOudDAONa7PcXnTC,positive
UgyfPzk6z-T4jJsKNHp4AaABAg,neutral
UgzntKwChlHGpE11ldp4AaABAg,positive
UgzOGJs2sXGl3_9CswB4AaABAg.AFqZevi5oj0APmHiV_KBMB,neutral
Ugz7b9ViMFQzwkLkvxx4AaABAg.AFoYb8FwSrPAFukzJH6npz,neutral
UgwqQ6bCw_nd24a2uPd4AaABAg,negative
UgzREA27znSK9Rg3Cul4AaABAg.ANMYAePn6jBANNHBalc__8,positive
Ugw_HIp7YAaikqkc3aB4AaABAg.ABG8U3edDBzABHpqsLPSuQ,positive
Ugx5jAUZkWgPvLKugxh4AaABAg,positive
UgxkySNxrbm64hcthnJ4AaABAg,neutral
UgxHGwFy0MOJ3iiDUoJ4AaABAg,neutral
UgwIHlA1qTxy6dAGqjJ4AaABAg,positive
UgyKEjY-oWPGkd4ekJF4AaABAg,positive
UgxhQq9Pa20mC1dIpEp4AaABAg,neutral
UgxHGwFy0MOJ3iiDUoJ4AaABAg.ANLDza12HeHANLPBSFlGRz,neutral
UgxCLlBfII4xoLsFTFt4AaABAg,positive
UgzVLhlR0U0UwkaNyUB4AaABAg.AFI1bQ7-pVJAFgyA4QGbTZ,negative
UgySJ3WYWThmTHihdst4AaABAg.APHMOY10O6TAPPjX19SeYH,neutral
Ugx4e-XAtsaAnQpoglB4AaABAg,neutral
UgwFSj6N3gPrpICGfm54AaABAg,positive
Ugzh2kHvkyMZ7mgwGkR4AaABAg.AFI0PETfwqfAMJK8_3zg1N,negative
UgxzPLwT75_aID-w2Tp4AaABAg,neutral
UgxJnTSR8uAwoMp3yJN4AaABAg.AB8vFtz9fcAABSiaiX6f-v,negative
UgzntKwChlHGpE11ldp4AaABAg.AGQBEEyFovEAMen5Mj41EM,negative
Ugzh2kHvkyMZ7mgwGkR4AaABAg.AFI0PETfwqfAFLiY3jsZ2t,negative
UgyQugIofp4R9LRha1h4AaABAg.ANLHk6N0rTnANMYaAyYlaI,negative
Ugy9CHzS_mjBZjHbky14AaABAg,positive
UgxulTcuNpHEZClsd7d4AaABAg,negative
Ugyn7ndToevz2DEszZp4AaABAg,negative
UgxzK44b4Y7zHkLxZM54AaABAg,negative
Ugys4-9UtKXQEmDrbNF4AaABAg,neutral
UgyImVDQl-qIeCxIgR94AaABAg.AIgxySi4d6-AJzWN-IuSKF,negative
UgxYiTwV-U9KX1KgRXd4AaABAg,negative
Ugz8DKkQmP_7WiWH_U54AaABAg,neutral
Ugyukkk38VCNiOSTfMF4AaABAg.AGzuV5qxIkjAGzuxU87QTv,positive
UgxOi41TIfOVzMavkfx4AaABAg,negative
UgzGe9v9BKYO2zvYD4V4AaABAg,negative
Ugz8DKkQmP_7WiWH_U54AaABAg.AH2uAhs2dMoAH3M0opWyls,negative
Ugx-7oqTkUBarEZswWF4AaABAg,negative
UgwBH0G5AuBbuNLfHER4AaABAg,neutral
UgxfWGZEgeMnyt4DmXd4AaABAg,positive
UgwqOcuHZ8Xoh1ggLkp4AaABAg,neutral
UgyBYz_lT9n_zHN5u9t4AaABAg.AG4F_ItxGKcAJA3VSNjdM_,neutral
UgzCp8W1CepcHSJG1H14AaABAg.AG9fdYgqDVmAG9jiGcdn_F,positive
UgwPWArza34HRkXJnlR4AaABAg,neutral
UgxdW0ZsA9L9Fk7qF814AaABAg.AJp8BA046StAJpEpsewwQ2,positive
UgxOOKaRub_-WBXALm94AaABAg,positive
Ugx7F4PxeFf_ihAQI614AaABAg,positive
UgxcsYHXl0IasPzKkhx4AaABAg,neutral
UgzSdIrKOkxQTTY50Vd4AaABAg,neutral
Ugwx7f3iVi6XqeFdrG14AaABAg,negative
UgwunXlwyrEx7zVRwNl4AaABAg.AFxLKhh8zjGAPafyWKAAPb,neutral
UgzCgzdG8IpOPc14MX94AaABAg,neutral
Ugx4d3K0Vw2LiXZb2tF4AaABAg.AFAL0K6XoRXAFANuOLPIwy,negative
Ugw5fGr1ilzKIyQV21R4AaABAg,neutral
UgzeQtbRci5FhjsXYXp4AaABAg,neutral
UgyN39DRUwCT-uihL0t4AaABAg.AFAMp72sqC1AFHXqhP6rRi,neutral
Ugw4cfI6CRaJHh_PS9J4AaABAg,positive
Ugzpn2nUdNp9n4nw1zB4AaABAg,positive
UgzRmmexE99VPyDXmHF4AaABAg,neutral
Ugyl67HUcGDGHJjUtFp4AaABAg,neutral
UgzAKhRHq3QQM5jmyBl4AaABAg.AFASlqFL1UIAFBZurNOOdH,neutral
UgzCgzdG8IpOPc14MX94AaABAg.AFAP-pjGXWkAFBMJryTnqI,negative
UgzxN9x4jqxX2zPTayd4AaABAg,positive
UgxINL7hYz1z8iSs7jZ4AaABAg,neutral
UgzwU5AFcRVeGBTGHbB4AaABAg,neutral
UgwqOcuHZ8Xoh1ggLkp4AaABAg.AJpMiT6X5ZUANcS7-y2iTY,positive
UgwunXlwyrEx7zVRwNl4AaABAg,negative
UgyN39DRUwCT-uihL0t4AaABAg.AFAMp72sqC1AFAWQy2INzV,positive
UgwofHBE1rPm52F9NLN4AaABAg,neutral
UgzCgzdG8IpOPc14MX94AaABAg.AFAP-pjGXWkAFBlUqP6Yuu,neutral
UgwRqA7ou2jlWUsakEN4AaABAg.AJXSTuJy_NxAKwVJmyX5gZ,negative
UgzLshdK4MAH1PL9C1d4AaABAg,positive
UgwIrnDMwAReCZtD78N4AaABAg.AJqbSd5g3SNAJr1MB-JmkF,positive
Ugzg6-mVzWlMCqKNNod4AaABAg,neutral
Ugyw2VPKW8bsCiNorCV4AaABAg.AJq6cPUdkqXAJua1dQh_QO,neutral
Ugw5i92vp-aOL7uznSB4AaABAg,positive
UgxM2pix5SOZZrgsCMx4AaABAg,negative
UgxhLvN-clfG7CfshYV4AaABAg.AFAOD-AJZZwAFAQCscVyaq,neutral
Ugy0Qm4wEydh6TTtgB14AaABAg,neutral
Ugzb90RWMHQp3qkW40d4AaABAg.AFAQO29IJfeALOYDX2KIxC,positive
UgxcwT1RjU7XKp_EkBt4AaABAg,positive
UgwTdfTFTAcIiTODTwh4AaABAg,positive
UgwWTah7l1kbhW81bnl4AaABAg,negative
UgxZvYAEvLiVm34BTTp4AaABAg,negative
UgwqOcuHZ8Xoh1ggLkp4AaABAg.AJpMiT6X5ZUANc030zTB_3,positive
UgwRhiMKYnhJ8yPPkip4AaABAg,positive
Ugw8wua9nQke8cXhbgt4AaABAg,neutral
UgxeXLzw9Cq5bUtcrZJ4AaABAg,neutral
Ugzb90RWMHQp3qkW40d4AaABAg.AFAQO29IJfeAFAhQZHLS0U,negative
UgwqOcuHZ8Xoh1ggLkp4AaABAg.AJpMiT6X5ZUANct7qoakxA,negative
Ugw90GzF-BvgSCh_FuV4AaABAg,negative
UgwWfuVWuqh24o2CnCJ4AaABAg.AFBgXokXbwQAFCowLl0jKk,negative
UgzHV-V6fnq7XipQQT14AaABAg.AFwipIpR7dIAKzOHOzx-1a,negative
UgyBYz_lT9n_zHN5u9t4AaABAg,negative
Ugwb0rgI8ATeMvYjKfp4AaABAg,neutral
UgyImVDQl-qIeCxIgR94AaABAg,negative
Ugzx9hROev8Hj-XTept4AaABAg,negative
Ugx_YGnuOBAhznUp7Zd4AaABAg,neutral
UgwxksWb35KV_hnfXYB4AaABAg,neutral
Ugy7bqZx38fWuDZDcwJ4AaABAg,neutral
UgwRqA7ou2jlWUsakEN4AaABAg,positive
UgznOW9lt5IuFwiJPR14AaABAg,negative
Ugzx9hROev8Hj-XTept4AaABAg.AFAQbCR6KGYAFAUAOtAJHE,positive
UgxtP74vuV8ph4QF-eR4AaABAg.AFjB_pfJUxDAFjfBNl8SFg,neutral
UgzU7UhKjHfbxv9RgEt4AaABAg,neutral
UgwxQ5_ykxbr-_jnnCh4AaABAg,positive
UgyIvsjv1-4W282QY4p4AaABAg,negative
UgxviSFumZjYt8Z4i5N4AaABAg.AFmm4vIIk_rAFmzAB0d3b1,negative
UgyaM-TvIh3kKfwPBEN4AaABAg,neutral
Ugwk5aWJacd2L0oYchV4AaABAg.ANkSrmHQYBWANlB-1t1aRp,neutral
UgznfugqbCVVS4gaZx94AaABAg,neutral
Ugw6o4eJ-4CcHNtgr4Z4AaABAg.ANIVGD-WcHUANIxvGNpuk3,negative
UgwAyYc5Sa7XJqD6_CJ4AaABAg,neutral
UgzGhBUgsxHnPtpWHWt4AaABAg,negative
UgwG93dTXi_ELXeO20N4AaABAg,positive
UgwbDCkcF45FTYzTPT54AaABAg,neutral
UgzdP0Z0TDLSjxldyD94AaABAg,neutral
UgxaAFz22GRRRRFLScJ4AaABAg,negative
Ugx18r8wYTWFIIJQ_p54AaABAg.ANKqzlSawoOANRnKEDBn_r,negative
Ugy3U8Ro3PSSvgNKcu94AaABAg.ANIpG7qJJrBANKoiK0-g_J,neutral
Ugxq8P9Z9jSrBgdYABB4AaABAg,neutral
UgyHfeshT8cBEm2Mbrx4AaABAg,neutral
UgywmU_0xgRHmwWf0zN4AaABAg,positive
UgyFK5JwBvys0QiDZ8R4AaABAg,neutral
Ugz078Dq9cZBESSNSgJ4AaABAg,negative
Ugw_-BsHEzk1RI-Z5Nd4AaABAg,neutral
Ugxly955eaBSmdlVHTN4AaABAg,negative
UgxpwzUWN-vyP72tfDB4AaABAg.ANI5U3sJLhUANICyIOZCb6,negative
UgwChMcIb9jkUdhfwxF4AaABAg,negative
UgyehzbeDMsaTHe90Ad4AaABAg,positive
UgwfrtCt9eUjHCW3Ui54AaABAg,neutral
UgwwzSLAQm9uy4gRdlN4AaABAg,positive
UgxWFjBTKCs1SjXIUZt4AaABAg.ANku4kzmW0FANlM6JfS9F_,neutral
Ugw9s0AEByjniuKlMQF4AaABAg.ANkkkQlYBd5ANmk2TAG3sz,positive
UgzwalJiNaS0pfuQSlN4AaABAg,positive
UgxEZHfzwiuZwqXQLWF4AaABAg,neutral
UgwUvmNZJzEjnVmwZ0B4AaABAg.ANpeCwuujxdAOFknWKspVa,negative
UgxpwzUWN-vyP72tfDB4AaABAg.ANI5U3sJLhUANIuzfoOBEz,positive
UgzNCnUHEUGKnTiAbA14AaABAg,negative
UgzL5jWye4P59OHmWq14AaABAg.ANkkfGkDBFYAOxjfrUFdsB,neutral
Ugx1qvP1dHc3EGYGBXl4AaABAg,neutral
Ugx9Ujd6kqX2TdOELjF4AaABAg,neutral
UgxnZpD19GLCZnW0C9h4AaABAg.ANkTZaY5oyhANnHCsVRK6A,neutral
UgxnZpD19GLCZnW0C9h4AaABAg.ANkTZaY5oyhANnHFNIWLsJ,neutral
UgwxLm6nClrPeSwQ9pB4AaABAg,positive
Ugx9Ujd6kqX2TdOELjF4AaABAg.ANkSZ1AXhx1ANkej0FgIxo,positive
UgxdJ96IZUZHXE6NhIx4AaABAg,positive
Ugxc24nuLlmiI_g72p14AaABAg,neutral
UgzZ-QDbf27yui3gLMl4AaABAg,positive
UgxieJKhsPWMJDKR06l4AaABAg,neutral
Ugwqt3is73mIFeiLJ_14AaABAg.ANke8Kv3UAZAQ9fCAsQhk5,neutral
UgzRUEXM-YiIVqU48Ud4AaABAg,neutral
UgwBwzF3gfvlX0Va2wB4AaABAg,neutral
UgynBnh55oiWk-i1eYF4AaABAg,neutral
UgyKsxiVPogbNhMz0jJ4AaABAg,neutral
Ugxa28I3ILsVfULNLQt4AaABAg,neutral
Ugx8oHWRBn4BmAQjsw14AaABAg.ANkStHp5_PAANkiUM4UBiO,positive
UgwKquIxlKTuGbwLxjx4AaABAg,positive
Ugxs7ShDuuX1iJkG7EV4AaABAg,neutral
UgxqZ81h9ByTL4sRv754AaABAg.ANI8gYefVkiAQGF3Xwb99K,neutral
UgykCjSH6dmCVhYQTYZ4AaABAg,positive
UgyqzS4uZdmhEGxbFSR4AaABAg,positive
UgyLY7oRYHgRlLAszCZ4AaABAg,positive
Ugw9s0AEByjniuKlMQF4AaABAg.ANkkkQlYBd5ANnnjryLT7F,positive
UgxzJjaAn-HWkohSQG14AaABAg,negative
UgxnZpD19GLCZnW0C9h4AaABAg.ANkTZaY5oyhANkWKQlSlSy,positive
Ugw_RijMw-Di4x-GEUh4AaABAg,negative
UgwgPkuIFOb0aVkSmiZ4AaABAg.ANkvOPnz187AToWMzEGpSS,neutral
UgwojudcZEi9XQutKpJ4AaABAg.ANkcJtLUH4vANl1hg_b5uH,positive
Ugy7LX08rMBwoWCbNhZ4AaABAg.ANI9f9McH25ANIFaJ9Lq3y,neutral
UgxnEGiqURk7v3-RNsh4AaABAg.ANIDtNi9ehRANIUrLTO90a,neutral
UgyICE0-ntrnu9OAAOJ4AaABAg.ANpUaQWNZA-AOEEPhs3AoN,neutral
Ugy3QFjuyTqTk5kyWwR4AaABAg.ANkY_ORsWdnANknI2OvCVP,positive
UgzuuOSf9teBCS8tObh4AaABAg,negative
Ugxd0wlS7ANadn1hTn54AaABAg,negative
UgzwEmBI5wGoPjzyq5J4AaABAg,positive
UgzL5jWye4P59OHmWq14AaABAg.ANkkfGkDBFYARE-ZcIU0AA,positive
UgzL5jWye4P59OHmWq14AaABAg.ANkkfGkDBFYATrbY-_9Ue2,neutral
Ugw5rrnwqPhvpOcSi4l4AaABAg,positive
UgwFQG2PV_iksOqduBV4AaABAg.ANkTPKT7Iu6ANkbnSIwGB8,positive
UgyDkxDcDSva50kCMYd4AaABAg,positive
Ugz2Zyza174N2AHRo8B4AaABAg,negative
UgwNhP0ePfPW-DnKBLx4AaABAg,negative
UgwgPkuIFOb0aVkSmiZ4AaABAg.ANkvOPnz187ANlTA2vZtYW,neutral
UgxnZpD19GLCZnW0C9h4AaABAg.ANkTZaY5oyhANl2fqVQfvo,negative
UgxpCaK-1LKT-ZEwb8N4AaABAg.ANkdDrhHQ8XAOLr5tKpyhR,neutral
UgzwEmBI5wGoPjzyq5J4AaABAg.ANk_bRi0pf4ANkcEAVmsj-,neutral
Ugws8c9f05-Ogii-oxF4AaABAg,neutral
Ugzu09Hemmz0n7u_PWV4AaABAg,positive
UgwX2PLzq7jGwjW468t4AaABAg,positive
UgyWZxccYtnyWoZMCT54AaABAg,neutral
UgybMpCX2j6IhghP7ex4AaABAg.ANOCbZZKy50AO7efgOjIfq,positive
UgwxsR0lyvlk32ZK4054AaABAg.ANbWROUePVuATwqf67F_JJ,positive
UgzP0O6i8M6fEPHa7td4AaABAg,negative
UgzOENchjdSCQfs_ggN4AaABAg,neutral
UgyOFLMd2oN-s5HQGvd4AaABAg.ANOf2diGGxDANPwEI7g31Z,neutral
UgzJpGr9OOaI1vTAJnR4AaABAg,positive
UgyJr0-hG8uns8dRBKB4AaABAg,neutral
Ugzu09Hemmz0n7u_PWV4AaABAg.ANYh9hsb9TvANZSDTu01F9,negative
Ugwwp3NAkdqr5BObrdB4AaABAg,neutral
UgwpntNbnTSToedApNB4AaABAg,neutral
UgzUg5ryULARb12Q7hF4AaABAg,neutral
UgxYKA5M2w5A6W5PvoF4AaABAg,positive
Ugz2hnNZ6LwmiAJ0Hi54AaABAg,neutral
Ugy0cHZ7o-MPgizIYgV4AaABAg,neutral
UgxBwqgCL9PtNKjzhMN4AaABAg,neutral
UgzhwqRGtIXVJZYOAF54AaABAg,neutral
Ugz4hAqWTwY85usR7a14AaABAg,neutral
Ugx-LF48vgQnA8hisD94AaABAg.ANNhInelYvYANNnguIHz6O,positive
UgykBow_3eComZNDwoJ4AaABAg,neutral
Ugx-LF48vgQnA8hisD94AaABAg.ANNhInelYvYANO-Knalo-1,negative
UgykBow_3eComZNDwoJ4AaABAg.ANNeUa2WE1AANNh-RN9hUn,negative
Ugz4hAqWTwY85usR7a14AaABAg.ANNj_sdm2OcANOxyL3A9IG,positive
UgzPZSUrXhWaluvrrwh4AaABAg.AN_CdT8uZMGANawIdjFSvE,positive
UgxzslPMNINO9ukg6294AaABAg.ANNi4FYtnfPANOE2YgrC2O,positive
Ugx-LF48vgQnA8hisD94AaABAg.ANNhInelYvYANWbfmQ4DPJ,neutral
UgzlI6GSon8cPvxnCYp4AaABAg,neutral
UgwcuA2ffIw5nZ2ghud4AaABAg.ANNwsRl6pXUANQ49HIY86O,neutral
Ugz9ITzXKygpXJ4HMzR4AaABAg,neutral
UgxSx69vv9eTGoHviRl4AaABAg,negative
UgwtBcwJi4PRVkVJb9d4AaABAg,neutral
Ugx-LF48vgQnA8hisD94AaABAg.ANNhInelYvYANQZ3OsR4I7,positive
UgzPZSUrXhWaluvrrwh4AaABAg,positive
UgwmCdEkkB1mUqEo2A54AaABAg,positive
UgzptALJCIycz9dui3l4AaABAg,negative
UgyydVqc3xthMgaGbH54AaABAg,neutral
Ugy8FrGuurgcopwuAwd4AaABAg,negative
UgwxsR0lyvlk32ZK4054AaABAg.ANbWROUePVuASQ07wl36j-,negative
UgzzNX30fta33UE6g-94AaABAg.ANYeP_Mdg_qASQ03hC8gUK,negative
UgzcjQyfPjvcT9fYJ6p4AaABAg,neutral
UgwC94mDpy7V-mpG_AZ4AaABAg,neutral
Ugxqk3NBkHQ7gAMISOZ4AaABAg,positive
Ugz7ck-Q6148ur3q9rR4AaABAg.ANNe-VNILekANNoecFvzZx,neutral
UgwVokiBMEbCL08D5DF4AaABAg.ANYc6JqhoiuANZD1XQ06TS,positive
Ugz7ck-Q6148ur3q9rR4AaABAg.ANNe-VNILekANOxRVk9Hdt,negative
Ugy1OLPMGvRdYBMD7Hx4AaABAg,positive
Ugx_McbE1IprsnAlN9t4AaABAg,neutral
UgzXEulTgzmWKm4Mn0x4AaABAg,positive
Ugzsa1vWCS1vP0B_9JN4AaABAg.ANZpQF2LyQoAN_zw1f5fUP,neutral
Ugz2wLS9eUPX3iyFURZ4AaABAg,positive
UgwQMpiSx8d-MIPisdF4AaABAg,positive
UgwxsR0lyvlk32ZK4054AaABAg.ANbWROUePVuATuAIbs3_HV,positive
Ugz7ck-Q6148ur3q9rR4AaABAg.ANNe-VNILekAPKFx_4Kxw5,neutral
Ugzs7nakHAUv6Ob9TvZ4AaABAg,negative
UgwxsR0lyvlk32ZK4054AaABAg.ANbWROUePVuAO5LPTnb7Ll,neutral
UgzPqq5t6VmAQcPVQhp4AaABAg,neutral
UgytnamkPJ4aoaOj-u54AaABAg,neutral
UgxbSl_01w_EVNC8Y7x4AaABAg.ANNolk5aB_4ANPVtJhKAtA,negative
UgwFR0K38L3za_THzQ14AaABAg.ANNwtNFXOXHANRfCzGZW-S,neutral
Ugwd9Wqb9C-PwIR9Bed4AaABAg,neutral
UgwVokiBMEbCL08D5DF4AaABAg,positive
UgyvAzYy3JLaL35-Skl4AaABAg.ANNdtjuHRYWANNlgzfNeYQ,neutral
